name_chembl37,inchikey,smiles,families_reached,proteins_reached,endpoints_toxic,n_toxic,endpoints_measured,n_measured
Emodin,RHMXXJGYXNZAPX-UHFFFAOYSA-N,Cc1cc(O)c2c(c1)C(=O)c1cc(O)cc(O)c1C2=O,18,224,Ames|CYP1A2|CYP2C9|CYP3A4|NR-ER|hepatotoxicity,6,Ames|CYP1A2|CYP2C9|CYP3A4|NR-AR|NR-ER|hepatotoxicity,7
Fipexide,BFUJHVVEMMWLHC-UHFFFAOYSA-N,O=C(COc1ccc(Cl)cc1)N1CCN(Cc2ccc3c(c2)OCO3)CC1,20,471,CYP1A2|CYP2C19|CYP3A4|hepatotoxicity,4,CYP1A2|CYP2C19|CYP2C9|CYP3A4|NR-AR|cardiotoxicity|hepatotoxicity,7
Capsazepine,DRCMAZOSEIMCHM-UHFFFAOYSA-N,Oc1cc2c(cc1O)CN(C(=S)NCCc1ccc(Cl)cc1)CCC2,19,463,CYP1A2|CYP2C19|CYP2C9|CYP3A4,4,CYP1A2|CYP2C19|CYP2C9|CYP3A4|cardiotoxicity,5
Clemizole,CJXAEXPPLWQRFR-UHFFFAOYSA-N,Clc1ccc(Cn2c(CN3CCCC3)nc3ccccc32)cc1,18,99,CYP1A2|CYP2C19|CYP3A4|cardiotoxicity,4,CYP1A2|CYP2C19|CYP3A4|NR-AR|NR-ER|cardiotoxicity,6
Phloretin,VGEREEWJJVICBM-UHFFFAOYSA-N,O=C(CCc1ccc(O)cc1)c1c(O)cc(O)cc1O,18,499,CYP1A2|CYP2C9|CYP3A4|NR-ER,4,Ames|CYP1A2|CYP2C9|CYP3A4|NR-ER,5
Dihydrocapsaicin,XJQPQKLURWNAAH-UHFFFAOYSA-N,COc1cc(CNC(=O)CCCCCCC(C)C)ccc1O,17,720,Ames|CYP1A2|CYP2C9|CYP3A4,4,Ames|CYP1A2|CYP2C9|CYP3A4|cardiotoxicity,5
Amsacrine,XCPGHVQEEXUHNC-UHFFFAOYSA-N,COc1cc(NS(C)(=O)=O)ccc1Nc1c2ccccc2nc2ccccc12,17,294,Ames|CYP1A2|cardiotoxicity|hepatotoxicity,4,Ames|CYP1A2|CYP2C19|NR-AR|NR-ER|cardiotoxicity|hepatotoxicity,7
Nonivamide,RGOVYLWUIBMPGK-UHFFFAOYSA-N,CCCCCCCCC(=O)NCc1ccc(O)c(OC)c1,16,292,CYP1A2|CYP2C9|CYP3A4|NR-AR,4,CYP1A2|CYP2C9|CYP3A4|NR-AR|NR-ER,5
(R)-Felodipine,RZTAMFZIAATZDJ-OAHLLOKOSA-N,CCOC(=O)C1=C(C)NC(C)=C(C(=O)OC)[C@H]1c1cccc(Cl)c1Cl,24,229,CYP2C19|CYP2C9|CYP3A4,3,CYP2C19|CYP2C9|CYP3A4,3
Dioxybenzone,MEZZCSHVIGVWFI-UHFFFAOYSA-N,COc1ccc(C(=O)c2ccccc2O)c(O)c1,23,359,Ames|CYP1A2|CYP2C19,3,Ames|CYP1A2|CYP2C19|CYP2C9|CYP3A4|NR-AR|NR-ER,7
Nitazoxanide,YQNQNVDNTFHQSW-UHFFFAOYSA-N,CC(=O)Oc1ccccc1C(=O)Nc1ncc([N+](=O)[O-])s1,22,321,CYP3A4|NR-ER|hepatotoxicity,3,CYP3A4|NR-AR|NR-ER|hepatotoxicity,4
Mebendazole,OPXLLQIJSORQAM-UHFFFAOYSA-N,COC(=O)Nc1nc2cc(C(=O)c3ccccc3)ccc2[nH]1,22,345,Ames|CYP1A2|hepatotoxicity,3,Ames|CYP1A2|CYP2C19|CYP3A4|NR-AR|NR-ER|hepatotoxicity,7
